col1,col2,col3,col4
2008,48.104496002197266,7.380321502685547,A5G8
2008,43.2242317199707,0.10261153429746628,A6E2
2008,44.37619400024414,4.700921058654785,3685
2008,49.508567810058594,0.21447540819644928,5490
2008,45.25423049926758,5.628854751586914,9017
